<?xml version="1.0" encoding="UTF-8"?>
<project-private xmlns="http://www.netbeans.org/ns/project-private/1">
    <editor-bookmarks xmlns="http://www.netbeans.org/ns/editor-bookmarks/2" lastBookmarkId="0"/>
    <open-files xmlns="http://www.netbeans.org/ns/projectui-open-files/2">
        <group>
            <file>file:/C:/Users/janai/OneDrive/Documentos/NetBeansProjects/Exame/src/exame/Exame.java</file>
            <file>file:/C:/Users/janai/OneDrive/Documentos/NetBeansProjects/Exame/src/exame/Triglicerideos.java</file>
            <file>file:/C:/Users/janai/OneDrive/Documentos/NetBeansProjects/Exame/src/exame/Glicemia.java</file>
            <file>file:/C:/Users/janai/OneDrive/Documentos/NetBeansProjects/Exame/src/exame/Colesterol.java</file>
            <file>file:/C:/Users/janai/OneDrive/Documentos/NetBeansProjects/Exame/src/exame/Principal.java</file>
        </group>
    </open-files>
</project-private>
